{
    "mean": [
        14.127291739894552,
        19.289648506151142,
        91.96903339191564,
        654.8891036906855,
        0.0963602811950791,
        0.10434098418277679,
        0.0887993158172232,
        0.04891914586994728,
        0.18116186291739894,
        0.06279760984182776,
        0.40517205623901575,
        1.2168534270650264,
        2.8660592267135327,
        40.337079086116,
        0.007040978910369069,
        0.025478138840070295,
        0.03189371634446397,
        0.011796137082601054,
        0.02054229876977153,
        0.0037949038664323374,
        16.269189806678387,
        25.677223198594024,
        107.26121265377857,
        880.5831282952548,
        0.13236859402460457,
        0.25426504393673116,
        0.27218848330404216,
        0.11460622319859401,
        0.2900755711775044,
        0.0839458172231986
    ],
    "std": [
        3.520950760711062,
        4.297254637090421,
        24.27761929305318,
        351.60475406323,
        0.014051764066591203,
        0.05276632912535515,
        0.07964972534603185,
        0.03876873246147477,
        0.027390180864268532,
        0.007054155881537345,
        0.27706894152536526,
        0.551163426903576,
        2.0200770991455244,
        45.45101341563996,
        0.0029998783671144756,
        0.01789243586828196,
        0.030159523121970472,
        0.006164860746471701,
        0.008259104387588135,
        0.0026437447504047374,
        4.828992576060772,
        6.1408543185890005,
        33.57300156682593,
        568.8564589532671,
        0.022812356935544644,
        0.15719817109455372,
        0.20844087461170602,
        0.06567455451119314,
        0.06181307854455481,
        0.01804538930859499
    ]
}